ID,Address,Name,IncType,Code,Size,HouseCode,Cast,Product,Weight
1,"Cubic Foot Compact ""Cube"" Office Refrigerators",Barry French,293,457.81,208.16,68.02,Nunavut,Appliances,0.58
2,"Cardinal Slant-D� Ring Binder, Heavy Gauge Vinyl",Barry French,293,46.71,8.69,2.99,Nunavut,Binders and Binder Accessories,0.39
3,R380,Clay Rozendal,483,1198.97,195.99,3.99,Nunavut,Telephones and Communication,0.58
4,Holmes HEPA Air Purifier,Carlos Soltero,515,30.94,21.78,5.94,Nunavut,Appliances,0.5
5,G.E. Longer-Life Indoor Recessed Floodlight Bulbs,Carlos Soltero,515,4.43,6.64,4.95,Nunavut,Office Furnishings,0.37
6,"Angle-D Binders with Locking Rings, Label Holders",Carl Jackson,613,-54.04,7.3,7.72,Nunavut,Binders and Binder Accessories,0.38
7,"SAFCO Mobile Desk Side File, Wire Frame",Carl Jackson,613,127.7,42.76,6.22,Nunavut,Storage & Organization,
8,"SAFCO Commercial Wire Shelving, Black",Monica Federle,643,-695.26,138.14,35,Nunavut,Storage & Organization,
9,Xerox 198,Dorothy Badders,678,-226.36,4.98,8.33,Nunavut,Paper,0.38
10,"Eldon Base for stackable storage shelf, platinum",Muhammed MacIntyre,3,-213.25,38.94,35,Nunavut,Storage & Organization,0.8
